Top pages,Clicks,Impressions,CTR,Position
https://www.nobledentalnallagandla.in/,33,1686,1.96%,11.77
https://www.nobledentalnallagandla.in/treatments,4,188,2.13%,5.76
https://www.nobledentalnallagandla.in/book-appointment,2,102,1.96%,5.36
https://www.nobledentalnallagandla.in/dentist-in/kondapur,1,245,0.41%,13.36
https://www.nobledentalnallagandla.in/team,1,225,0.44%,8.6
https://www.nobledentalnallagandla.in/treatments/root-canal,1,99,1.01%,13.9
https://www.nobledentalnallagandla.in/treatments/gum-disease,0,198,0%,29.53
https://www.nobledentalnallagandla.in/dentist-in/kondapur/wisdom-tooth-surgery,0,68,0%,11.46
https://www.nobledentalnallagandla.in/treatments/smile-design,0,56,0%,10.77
https://www.nobledentalnallagandla.in/treatments/full-mouth-rehab,0,39,0%,39.64
https://www.nobledentalnallagandla.in/treatments/dental-checkups,0,34,0%,8.21
https://www.nobledentalnallagandla.in/blog/materials/dentcare-zirconia,0,29,0%,9.34
https://www.nobledentalnallagandla.in/case-studies,0,27,0%,10.74
https://www.nobledentalnallagandla.in/dentist-in/kondapur/emergency-dentistry,0,20,0%,8.05
https://www.nobledentalnallagandla.in/international,0,17,0%,18.47
https://www.nobledentalnallagandla.in/blog/rct-vs-extraction,0,16,0%,6.75
https://www.nobledentalnallagandla.in/blog/anatomy/upper-first-molar,0,16,0%,9.06
https://www.nobledentalnallagandla.in/treatments/dental-cleaning,0,15,0%,5.87
https://www.nobledentalnallagandla.in/emergency,0,13,0%,7.23
https://www.nobledentalnallagandla.in/treatments/digital-dentistry,0,10,0%,4.8
https://www.nobledentalnallagandla.in/blog/pathology/leukoplakia,0,6,0%,9.17
https://www.nobledentalnallagandla.in/healthflo-ai,0,5,0%,16
https://www.nobledentalnallagandla.in/treatments/pulpectomy,0,4,0%,27.25
https://www.nobledentalnallagandla.in/treatments/apicoectomy,0,3,0%,6.33
https://www.nobledentalnallagandla.in/blog/faq/immediate-implant,0,2,0%,4
https://www.nobledentalnallagandla.in/treatments/smile-designing,0,2,0%,4
https://www.nobledentalnallagandla.in/blog/pathology/osmf,0,2,0%,9.5
https://www.nobledentalnallagandla.in/blog/faq/root-canal-pain,0,2,0%,34.5
https://www.nobledentalnallagandla.in/treatments/maxillofacial-surgery,0,1,0%,2
https://www.nobledentalnallagandla.in/treatments/pre-ortho,0,1,0%,17