Top queries,Clicks,Impressions,CTR,Position
noble dental care,4,177,2.26%,10.8
noble dental clinic,1,122,0.82%,11.49
dental clinic nallagandla,1,9,11.11%,46.78
novel dental clinic,1,6,16.67%,10.83
noble dental,0,60,0%,13.77
best gum specialist in hyderabad,0,37,0%,68.59
noble dental surgery,0,31,0%,11.39
wisdom teeth removal in kondapur,0,28,0%,9.54
n dental nallagandla,0,23,0%,6.04
dentist nallagandla,0,18,0%,18.22
best dentist in nallagandla,0,17,0%,28.88
nalla gandla,0,15,0%,13.67
root canal treatment in langar house,0,15,0%,34.13
full mouth rehabilitation in hyderabad,0,15,0%,80.07
dental clinic in nallagandla,0,14,0%,37.86
noble clinic,0,10,0%,8.7
dental clinic near me,0,10,0%,9.2
dental hospital nallagandla,0,9,0%,15.44
best dental hospital in nallagandla,0,9,0%,30.56
best dental clinic in nallagandla,0,9,0%,34.78
plaque treatment noble park,0,9,0%,77.33
noble dental care photos,0,8,0%,6.12
dentist in nallagandla,0,7,0%,29
teeth whitening in kondapur,0,7,0%,84.86
noble advanced dental care,0,6,0%,3.17
nalla dental,0,6,0%,24.67
dentist near me,0,6,0%,28.83
noble dentist,0,5,0%,8
nobel dental care,0,5,0%,12
dental hospital near me,0,4,0%,1
noble clinic near me,0,4,0%,3.75
wisdom tooth removal kondapur,0,4,0%,10
emergency dentist kondapur,0,4,0%,13.5
dental hospital in nallagandla,0,4,0%,16.5
clear aligners in kondapur,0,4,0%,94.5
noble dentistry,0,3,0%,5.33
d scans dental imaging nallagandla,0,3,0%,8.67
noble dentistry photos,0,3,0%,9.33
gum disease treatment hyderabad,0,3,0%,20.33
ndc nallagandla,0,3,0%,34.67
noble care hospital,0,2,0%,2
site:nobledentalnallagandla.in,0,2,0%,2
noble dental care reviews,0,2,0%,7.5
noble dental clinic photos,0,2,0%,7.5
nalla dental clinic,0,2,0%,8
nobel dental clinic,0,2,0%,12
noble clinic hyderabad,0,2,0%,12
kids dental clinic near me,0,2,0%,13
best dental implantologist in kondapur,0,2,0%,40.5
best dental clinic in raja rajeshwara nagar kondapur,0,2,0%,42
pulpectomy cost,0,2,0%,48.5
best root canal doctor near me,0,1,0%,1
dental clinic nearby,0,1,0%,1
dental hospital near me open now,0,1,0%,1
dermatologist near me,0,1,0%,1
emergency dental care near me,0,1,0%,1
nearest dentist clinic,0,1,0%,1
nobel dental,0,1,0%,1
nobledental,0,1,0%,1
teeth scaling near me,0,1,0%,1
neighbor dental,0,1,0%,2
noble care dental clinic,0,1,0%,2
noble dental implants,0,1,0%,3
noble pediatric dental,0,1,0%,3
teeth gap filling home remedy,0,1,0%,8
dr noble orthodontist,0,1,0%,9
noble dr,0,1,0%,9
leno and babo dental,0,1,0%,10
dr noble dentist,0,1,0%,12
noble,0,1,0%,13
dentist near me within 400m,0,1,0%,15
noble smile,0,1,0%,16
dental tourism in hyderabad,0,1,0%,19
gum treatment hyderabad,0,1,0%,20
gum treatment in hyderabad,0,1,0%,23
i-rise dental boutique,0,1,0%,25
dental and aesthetic clinic near me,0,1,0%,30
gnanam dental clinic,0,1,0%,36
pedodontist near me,0,1,0%,38
noble dental care nagarbhavi,0,1,0%,40
best dental clinic in tellapur,0,1,0%,41
dental clinics in nallagandla,0,1,0%,47
painless dental injections kingston,0,1,0%,60
myhome sayuk,0,1,0%,72
vijaya diagnostic bhel,0,1,0%,75
"""zeiss"" optical or glasses or vision or care or clearmind or progressive or 
lenses or digitale or blueguard or drivesafe or clearview -camera -kamera 
-photo",0,1,0%,91
root planing treatment in hyderabad,0,1,0%,98
dental care,0,1,0%,161